{"scenes":[{"children":[{"id":"View-Perspective","name":"View-Perspective"},{"id":"View-Top","name":"View-Top"},{"id":"View-Front","name":"View-Front"},{"id":"View-Right","name":"View-Right"},{"id":"ca2a5750-8d3b-47d7-a00d-1c7acaaa60c9","name":"ca2a5750-8d3b-47d7-a00d-1c7acaaa60c9","sphere":[-2397648.87540749,5395310.8319594,2405124.83154051,86.9500631199455]},{"id":"a817b259-e8e6-4b64-a56b-ff3ef05d72d5","name":"a817b259-e8e6-4b64-a56b-ff3ef05d72d5","sphere":[-2397632.68832024,5395261.39562854,2405172.21553695,58.3581653102119]}],"id":"RRE2","name":"RRE2"}]}
